edges_processed;modularity_Q;n_communities
200000;-0.000126111566197656;7665
400000;-0.000126111566197656;7665
600000;-0.000126111566197656;7665
800000;-0.000126111566197656;7665
1000000;-0.000126111566197656;7665
1200000;-0.000126111566197656;7665
1400000;-0.000126111566197656;7665
1600000;-0.000126111566197656;7665
1800000;-0.000126111566197656;7665
1978201;-0.000126111566197656;7665
